{"database":{"rules":"database.rules.json"},"flutter":{"platforms":{"android":{"default":{"projectId":"social-media-5da2a","appId":"1:868113720369:android:8e47abf70bc39024d32110","fileOutput":"android/app/google-services.json"}},"ios":{"default":{"projectId":"social-media-5da2a","appId":"1:868113720369:ios:fb2eaad195107c07d32110","uploadDebugSymbols":false,"fileOutput":"ios/Runner/GoogleService-Info.plist"}},"macos":{"default":{"projectId":"social-media-5da2a","appId":"1:868113720369:ios:fb2eaad195107c07d32110","uploadDebugSymbols":false,"fileOutput":"macos/Runner/GoogleService-Info.plist"}},"dart":{"lib/firebase_options.dart":{"projectId":"social-media-5da2a","configurations":{"android":"1:868113720369:android:8e47abf70bc39024d32110","ios":"1:868113720369:ios:fb2eaad195107c07d32110","macos":"1:868113720369:ios:fb2eaad195107c07d32110","web":"1:868113720369:web:367bedff83809d3bd32110","windows":"1:868113720369:web:8084fe0784bd4312d32110"}}}}}}