{
  "project_info": {
    "project_number": "868113720369",
    "firebase_url": "https://social-media-5da2a-default-rtdb.firebaseio.com",
    "project_id": "social-media-5da2a",
    "storage_bucket": "social-media-5da2a.appspot.com"
  },
  "client": [
    {
      "client_info": {
        "mobilesdk_app_id": "1:868113720369:android:8e47abf70bc39024d32110",
        "android_client_info": {
          "package_name": "com.rrobotics.connect"
        }
      },
      "oauth_client": [
        {
          "client_id": "868113720369-3etkh6rnqcu3qajo25pdv07s8e723ft9.apps.googleusercontent.com",
          "client_type": 3
        }
      ],
      "api_key": [
        {
          "current_key": "AIzaSyBc8xb89-ddqXQ6xQXpqA4eFPHGzow4sBI"
        }
      ],
      "services": {
        "appinvite_service": {
          "other_platform_oauth_client": [
            {
              "client_id": "868113720369-3etkh6rnqcu3qajo25pdv07s8e723ft9.apps.googleusercontent.com",
              "client_type": 3
            },
            {
              "client_id": "868113720369-mdcfeq2acftei61m1b2jc0i4us11qm13.apps.googleusercontent.com",
              "client_type": 2,
              "ios_info": {
                "bundle_id": "com.example.connect"
              }
            }
          ]
        }
      }
    }
  ],
  "configuration_version": "1"
}